step,version_0
750,8.429232597351074
1500,6.999117374420166
2250,6.152134895324707
3000,5.634005069732666
3750,5.2800421714782715
4500,4.991483688354492
5250,4.729605674743652
6000,4.485030651092529
6750,4.280635356903076
7500,4.1066107749938965
8250,3.9588444232940674
9000,3.833636522293091
9750,3.7307026386260986
10500,3.640197277069092
11250,3.5603232383728027
12000,3.5006277561187744
12750,3.4487831592559814
13500,3.4013617038726807
