step,version_0
750,4722.337890625
1500,1199.7724609375
2250,529.1331176757812
3000,325.585205078125
3750,238.82720947265625
4500,189.4724578857422
5250,155.56329345703125
6000,124.97958374023438
6750,109.26810455322266
7500,98.81332397460938
8250,91.42459106445312
9000,85.99441528320312
9750,81.90457916259766
10500,78.63085174560547
11250,75.07952880859375
12000,73.34539794921875
12750,72.07994079589844
13500,70.25959014892578
