step,version_0
10987,4.885810852050781
21974,3.101914882659912
